TraceIndex,MultCommand,TraceFilePath
0,mult 1,mult_trace_block_0.npy
1,mult 1,mult_trace_block_1.npy
2,mult 1,mult_trace_block_2.npy
3,mult 1,mult_trace_block_3.npy
4,mult 1,mult_trace_block_4.npy
5,mult 1,mult_trace_block_5.npy
6,mult 1,mult_trace_block_6.npy
7,mult 1,mult_trace_block_7.npy
8,mult 1,mult_trace_block_8.npy
9,mult 1,mult_trace_block_9.npy
10,mult 1,mult_trace_block_10.npy
11,mult 1,mult_trace_block_11.npy
12,mult 1,mult_trace_block_12.npy
13,mult 1,mult_trace_block_13.npy
14,mult 1,mult_trace_block_14.npy
15,mult 1,mult_trace_block_15.npy
16,mult 1,mult_trace_block_16.npy
17,mult 1,mult_trace_block_17.npy
18,mult 1,mult_trace_block_18.npy
19,mult 1,mult_trace_block_19.npy
20,mult 1,mult_trace_block_20.npy
21,mult 1,mult_trace_block_21.npy
22,mult 1,mult_trace_block_22.npy
23,mult 1,mult_trace_block_23.npy
24,mult 1,mult_trace_block_24.npy
25,mult 1,mult_trace_block_25.npy
26,mult 1,mult_trace_block_26.npy
27,mult 1,mult_trace_block_27.npy
28,mult 1,mult_trace_block_28.npy
29,mult 1,mult_trace_block_29.npy
30,mult 1,mult_trace_block_30.npy
31,mult 1,mult_trace_block_31.npy
32,mult 1,mult_trace_block_32.npy
33,mult 1,mult_trace_block_33.npy
34,mult 1,mult_trace_block_34.npy
35,mult 1,mult_trace_block_35.npy
36,mult 1,mult_trace_block_36.npy
37,mult 1,mult_trace_block_37.npy
38,mult 1,mult_trace_block_38.npy
39,mult 1,mult_trace_block_39.npy
40,mult 1,mult_trace_block_40.npy
41,mult 1,mult_trace_block_41.npy
42,mult 1,mult_trace_block_42.npy
43,mult 1,mult_trace_block_43.npy
44,mult 1,mult_trace_block_44.npy
45,mult 1,mult_trace_block_45.npy
46,mult 1,mult_trace_block_46.npy
47,mult 1,mult_trace_block_47.npy
48,mult 1,mult_trace_block_48.npy
49,mult 1,mult_trace_block_49.npy
50,mult 1,mult_trace_block_50.npy
51,mult 1,mult_trace_block_51.npy
52,mult 1,mult_trace_block_52.npy
53,mult 1,mult_trace_block_53.npy
54,mult 1,mult_trace_block_54.npy
55,mult 1,mult_trace_block_55.npy
56,mult 1,mult_trace_block_56.npy
57,mult 1,mult_trace_block_57.npy
58,mult 1,mult_trace_block_58.npy
59,mult 1,mult_trace_block_59.npy
60,mult 1,mult_trace_block_60.npy
61,mult 1,mult_trace_block_61.npy
62,mult 1,mult_trace_block_62.npy
63,mult 1,mult_trace_block_63.npy
64,mult 1,mult_trace_block_64.npy
65,mult 1,mult_trace_block_65.npy
66,mult 1,mult_trace_block_66.npy
67,mult 1,mult_trace_block_67.npy
68,mult 1,mult_trace_block_68.npy
69,mult 1,mult_trace_block_69.npy
70,mult 1,mult_trace_block_70.npy
71,mult 1,mult_trace_block_71.npy
72,mult 1,mult_trace_block_72.npy
73,mult 1,mult_trace_block_73.npy
74,mult 1,mult_trace_block_74.npy
75,mult 1,mult_trace_block_75.npy
76,mult 1,mult_trace_block_76.npy
77,mult 1,mult_trace_block_77.npy
78,mult 1,mult_trace_block_78.npy
79,mult 1,mult_trace_block_79.npy
80,mult 1,mult_trace_block_80.npy
81,mult 1,mult_trace_block_81.npy
82,mult 1,mult_trace_block_82.npy
83,mult 1,mult_trace_block_83.npy
84,mult 1,mult_trace_block_84.npy
85,mult 1,mult_trace_block_85.npy
86,mult 1,mult_trace_block_86.npy
87,mult 1,mult_trace_block_87.npy
88,mult 1,mult_trace_block_88.npy
89,mult 1,mult_trace_block_89.npy
90,mult 1,mult_trace_block_90.npy
91,mult 1,mult_trace_block_91.npy
92,mult 1,mult_trace_block_92.npy
93,mult 1,mult_trace_block_93.npy
94,mult 1,mult_trace_block_94.npy
95,mult 1,mult_trace_block_95.npy
96,mult 1,mult_trace_block_96.npy
97,mult 1,mult_trace_block_97.npy
98,mult 1,mult_trace_block_98.npy
99,mult 1,mult_trace_block_99.npy
100,mult 1,mult_trace_block_100.npy
101,mult 1,mult_trace_block_101.npy
102,mult 1,mult_trace_block_102.npy
103,mult 1,mult_trace_block_103.npy
104,mult 1,mult_trace_block_104.npy
105,mult 1,mult_trace_block_105.npy
106,mult 1,mult_trace_block_106.npy
107,mult 1,mult_trace_block_107.npy
108,mult 1,mult_trace_block_108.npy
109,mult 1,mult_trace_block_109.npy
110,mult 1,mult_trace_block_110.npy
111,mult 1,mult_trace_block_111.npy
112,mult 1,mult_trace_block_112.npy
113,mult 1,mult_trace_block_113.npy
114,mult 1,mult_trace_block_114.npy
115,mult 1,mult_trace_block_115.npy
116,mult 1,mult_trace_block_116.npy
117,mult 1,mult_trace_block_117.npy
118,mult 1,mult_trace_block_118.npy
119,mult 1,mult_trace_block_119.npy
120,mult 1,mult_trace_block_120.npy
121,mult 1,mult_trace_block_121.npy
122,mult 1,mult_trace_block_122.npy
123,mult 1,mult_trace_block_123.npy
124,mult 1,mult_trace_block_124.npy
125,mult 1,mult_trace_block_125.npy
126,mult 1,mult_trace_block_126.npy
127,mult 1,mult_trace_block_127.npy
128,mult 1,mult_trace_block_128.npy
129,mult 1,mult_trace_block_129.npy
130,mult 1,mult_trace_block_130.npy
131,mult 1,mult_trace_block_131.npy
132,mult 1,mult_trace_block_132.npy
133,mult 1,mult_trace_block_133.npy
134,mult 1,mult_trace_block_134.npy
135,mult 1,mult_trace_block_135.npy
136,mult 1,mult_trace_block_136.npy
137,mult 1,mult_trace_block_137.npy
138,mult 1,mult_trace_block_138.npy
139,mult 1,mult_trace_block_139.npy
140,mult 1,mult_trace_block_140.npy
141,mult 1,mult_trace_block_141.npy
142,mult 1,mult_trace_block_142.npy
143,mult 1,mult_trace_block_143.npy
144,mult 1,mult_trace_block_144.npy
145,mult 1,mult_trace_block_145.npy
146,mult 1,mult_trace_block_146.npy
147,mult 1,mult_trace_block_147.npy
148,mult 1,mult_trace_block_148.npy
149,mult 1,mult_trace_block_149.npy
150,mult 1,mult_trace_block_150.npy
151,mult 1,mult_trace_block_151.npy
152,mult 1,mult_trace_block_152.npy
153,mult 1,mult_trace_block_153.npy
154,mult 1,mult_trace_block_154.npy
155,mult 1,mult_trace_block_155.npy
156,mult 1,mult_trace_block_156.npy
157,mult 1,mult_trace_block_157.npy
158,mult 1,mult_trace_block_158.npy
159,mult 1,mult_trace_block_159.npy
160,mult 1,mult_trace_block_160.npy
161,mult 1,mult_trace_block_161.npy
162,mult 1,mult_trace_block_162.npy
163,mult 1,mult_trace_block_163.npy
164,mult 1,mult_trace_block_164.npy
165,mult 1,mult_trace_block_165.npy
166,mult 1,mult_trace_block_166.npy
167,mult 1,mult_trace_block_167.npy
168,mult 1,mult_trace_block_168.npy
169,mult 1,mult_trace_block_169.npy
170,mult 1,mult_trace_block_170.npy
171,mult 1,mult_trace_block_171.npy
172,mult 1,mult_trace_block_172.npy
173,mult 1,mult_trace_block_173.npy
174,mult 1,mult_trace_block_174.npy
175,mult 1,mult_trace_block_175.npy
176,mult 1,mult_trace_block_176.npy
177,mult 1,mult_trace_block_177.npy
178,mult 1,mult_trace_block_178.npy
179,mult 1,mult_trace_block_179.npy
180,mult 1,mult_trace_block_180.npy
181,mult 1,mult_trace_block_181.npy
182,mult 1,mult_trace_block_182.npy
183,mult 1,mult_trace_block_183.npy
184,mult 1,mult_trace_block_184.npy
185,mult 1,mult_trace_block_185.npy
186,mult 1,mult_trace_block_186.npy
187,mult 1,mult_trace_block_187.npy
188,mult 1,mult_trace_block_188.npy
189,mult 1,mult_trace_block_189.npy
190,mult 1,mult_trace_block_190.npy
191,mult 1,mult_trace_block_191.npy
192,mult 1,mult_trace_block_192.npy
193,mult 1,mult_trace_block_193.npy
194,mult 1,mult_trace_block_194.npy
195,mult 1,mult_trace_block_195.npy
196,mult 1,mult_trace_block_196.npy
197,mult 1,mult_trace_block_197.npy
198,mult 1,mult_trace_block_198.npy
199,mult 1,mult_trace_block_199.npy
200,mult 1,mult_trace_block_200.npy
201,mult 1,mult_trace_block_201.npy
202,mult 1,mult_trace_block_202.npy
203,mult 1,mult_trace_block_203.npy
204,mult 1,mult_trace_block_204.npy
205,mult 1,mult_trace_block_205.npy
206,mult 1,mult_trace_block_206.npy
207,mult 1,mult_trace_block_207.npy
208,mult 1,mult_trace_block_208.npy
209,mult 1,mult_trace_block_209.npy
210,mult 1,mult_trace_block_210.npy
211,mult 1,mult_trace_block_211.npy
212,mult 1,mult_trace_block_212.npy
213,mult 1,mult_trace_block_213.npy
214,mult 1,mult_trace_block_214.npy
215,mult 1,mult_trace_block_215.npy
216,mult 1,mult_trace_block_216.npy
217,mult 1,mult_trace_block_217.npy
218,mult 1,mult_trace_block_218.npy
219,mult 1,mult_trace_block_219.npy
220,mult 1,mult_trace_block_220.npy
221,mult 1,mult_trace_block_221.npy
222,mult 1,mult_trace_block_222.npy
223,mult 1,mult_trace_block_223.npy
224,mult 1,mult_trace_block_224.npy
225,mult 1,mult_trace_block_225.npy
226,mult 1,mult_trace_block_226.npy
227,mult 1,mult_trace_block_227.npy
228,mult 1,mult_trace_block_228.npy
229,mult 1,mult_trace_block_229.npy
230,mult 1,mult_trace_block_230.npy
231,mult 1,mult_trace_block_231.npy
232,mult 1,mult_trace_block_232.npy
233,mult 1,mult_trace_block_233.npy
234,mult 1,mult_trace_block_234.npy
235,mult 1,mult_trace_block_235.npy
236,mult 1,mult_trace_block_236.npy
237,mult 1,mult_trace_block_237.npy
238,mult 1,mult_trace_block_238.npy
239,mult 1,mult_trace_block_239.npy
240,mult 1,mult_trace_block_240.npy
241,mult 1,mult_trace_block_241.npy
242,mult 1,mult_trace_block_242.npy
243,mult 1,mult_trace_block_243.npy
244,mult 1,mult_trace_block_244.npy
245,mult 1,mult_trace_block_245.npy
246,mult 1,mult_trace_block_246.npy
247,mult 1,mult_trace_block_247.npy
248,mult 1,mult_trace_block_248.npy
249,mult 1,mult_trace_block_249.npy
250,mult 1,mult_trace_block_250.npy
251,mult 1,mult_trace_block_251.npy
252,mult 1,mult_trace_block_252.npy
253,mult 1,mult_trace_block_253.npy
254,mult 1,mult_trace_block_254.npy
255,mult 1,mult_trace_block_255.npy
256,mult 1,mult_trace_block_256.npy
257,mult 1,mult_trace_block_257.npy
258,mult 1,mult_trace_block_258.npy
259,mult 1,mult_trace_block_259.npy
260,mult 1,mult_trace_block_260.npy
261,mult 1,mult_trace_block_261.npy
262,mult 1,mult_trace_block_262.npy
263,mult 1,mult_trace_block_263.npy
264,mult 1,mult_trace_block_264.npy
265,mult 1,mult_trace_block_265.npy
266,mult 1,mult_trace_block_266.npy
267,mult 1,mult_trace_block_267.npy
268,mult 1,mult_trace_block_268.npy
269,mult 1,mult_trace_block_269.npy
270,mult 1,mult_trace_block_270.npy
271,mult 1,mult_trace_block_271.npy
272,mult 1,mult_trace_block_272.npy
273,mult 1,mult_trace_block_273.npy
274,mult 1,mult_trace_block_274.npy
275,mult 1,mult_trace_block_275.npy
276,mult 1,mult_trace_block_276.npy
277,mult 1,mult_trace_block_277.npy
278,mult 1,mult_trace_block_278.npy
279,mult 1,mult_trace_block_279.npy
280,mult 1,mult_trace_block_280.npy
281,mult 1,mult_trace_block_281.npy
282,mult 1,mult_trace_block_282.npy
283,mult 1,mult_trace_block_283.npy
284,mult 1,mult_trace_block_284.npy
285,mult 1,mult_trace_block_285.npy
286,mult 1,mult_trace_block_286.npy
287,mult 1,mult_trace_block_287.npy
288,mult 1,mult_trace_block_288.npy
289,mult 1,mult_trace_block_289.npy
290,mult 1,mult_trace_block_290.npy
291,mult 1,mult_trace_block_291.npy
292,mult 1,mult_trace_block_292.npy
293,mult 1,mult_trace_block_293.npy
294,mult 1,mult_trace_block_294.npy
295,mult 1,mult_trace_block_295.npy
296,mult 1,mult_trace_block_296.npy
297,mult 1,mult_trace_block_297.npy
298,mult 1,mult_trace_block_298.npy
299,mult 1,mult_trace_block_299.npy
300,mult 1,mult_trace_block_300.npy
301,mult 1,mult_trace_block_301.npy
302,mult 1,mult_trace_block_302.npy
303,mult 1,mult_trace_block_303.npy
304,mult 1,mult_trace_block_304.npy
305,mult 1,mult_trace_block_305.npy
306,mult 1,mult_trace_block_306.npy
307,mult 1,mult_trace_block_307.npy
308,mult 1,mult_trace_block_308.npy
309,mult 1,mult_trace_block_309.npy
310,mult 1,mult_trace_block_310.npy
311,mult 1,mult_trace_block_311.npy
312,mult 1,mult_trace_block_312.npy
313,mult 1,mult_trace_block_313.npy
314,mult 1,mult_trace_block_314.npy
315,mult 1,mult_trace_block_315.npy
316,mult 1,mult_trace_block_316.npy
317,mult 1,mult_trace_block_317.npy
318,mult 1,mult_trace_block_318.npy
319,mult 1,mult_trace_block_319.npy
320,mult 1,mult_trace_block_320.npy
321,mult 1,mult_trace_block_321.npy
322,mult 1,mult_trace_block_322.npy
323,mult 1,mult_trace_block_323.npy
324,mult 1,mult_trace_block_324.npy
325,mult 1,mult_trace_block_325.npy
326,mult 1,mult_trace_block_326.npy
327,mult 1,mult_trace_block_327.npy
328,mult 1,mult_trace_block_328.npy
329,mult 1,mult_trace_block_329.npy
330,mult 1,mult_trace_block_330.npy
331,mult 1,mult_trace_block_331.npy
332,mult 1,mult_trace_block_332.npy
333,mult 1,mult_trace_block_333.npy
334,mult 1,mult_trace_block_334.npy
335,mult 1,mult_trace_block_335.npy
336,mult 1,mult_trace_block_336.npy
337,mult 1,mult_trace_block_337.npy
338,mult 1,mult_trace_block_338.npy
339,mult 1,mult_trace_block_339.npy
340,mult 1,mult_trace_block_340.npy
341,mult 1,mult_trace_block_341.npy
342,mult 1,mult_trace_block_342.npy
343,mult 1,mult_trace_block_343.npy
344,mult 1,mult_trace_block_344.npy
345,mult 1,mult_trace_block_345.npy
346,mult 1,mult_trace_block_346.npy
347,mult 1,mult_trace_block_347.npy
348,mult 1,mult_trace_block_348.npy
349,mult 1,mult_trace_block_349.npy
350,mult 1,mult_trace_block_350.npy
351,mult 1,mult_trace_block_351.npy
352,mult 1,mult_trace_block_352.npy
353,mult 1,mult_trace_block_353.npy
354,mult 1,mult_trace_block_354.npy
355,mult 1,mult_trace_block_355.npy
356,mult 1,mult_trace_block_356.npy
357,mult 1,mult_trace_block_357.npy
358,mult 1,mult_trace_block_358.npy
359,mult 1,mult_trace_block_359.npy
360,mult 1,mult_trace_block_360.npy
361,mult 1,mult_trace_block_361.npy
362,mult 1,mult_trace_block_362.npy
363,mult 1,mult_trace_block_363.npy
364,mult 1,mult_trace_block_364.npy
365,mult 1,mult_trace_block_365.npy
366,mult 1,mult_trace_block_366.npy
367,mult 1,mult_trace_block_367.npy
368,mult 1,mult_trace_block_368.npy
369,mult 1,mult_trace_block_369.npy
370,mult 1,mult_trace_block_370.npy
371,mult 1,mult_trace_block_371.npy
372,mult 1,mult_trace_block_372.npy
373,mult 1,mult_trace_block_373.npy
374,mult 1,mult_trace_block_374.npy
375,mult 1,mult_trace_block_375.npy
376,mult 1,mult_trace_block_376.npy
377,mult 1,mult_trace_block_377.npy
378,mult 1,mult_trace_block_378.npy
379,mult 1,mult_trace_block_379.npy
380,mult 1,mult_trace_block_380.npy
381,mult 1,mult_trace_block_381.npy
382,mult 1,mult_trace_block_382.npy
383,mult 1,mult_trace_block_383.npy
384,mult 1,mult_trace_block_384.npy
385,mult 1,mult_trace_block_385.npy
386,mult 1,mult_trace_block_386.npy
387,mult 1,mult_trace_block_387.npy
388,mult 1,mult_trace_block_388.npy
389,mult 1,mult_trace_block_389.npy
390,mult 1,mult_trace_block_390.npy
391,mult 1,mult_trace_block_391.npy
392,mult 1,mult_trace_block_392.npy
393,mult 1,mult_trace_block_393.npy
394,mult 1,mult_trace_block_394.npy
395,mult 1,mult_trace_block_395.npy
396,mult 1,mult_trace_block_396.npy
397,mult 1,mult_trace_block_397.npy
398,mult 1,mult_trace_block_398.npy
399,mult 1,mult_trace_block_399.npy
400,mult 1,mult_trace_block_400.npy
401,mult 1,mult_trace_block_401.npy
402,mult 1,mult_trace_block_402.npy
403,mult 1,mult_trace_block_403.npy
404,mult 1,mult_trace_block_404.npy
405,mult 1,mult_trace_block_405.npy
406,mult 1,mult_trace_block_406.npy
407,mult 1,mult_trace_block_407.npy
408,mult 1,mult_trace_block_408.npy
409,mult 1,mult_trace_block_409.npy
410,mult 1,mult_trace_block_410.npy
411,mult 1,mult_trace_block_411.npy
412,mult 1,mult_trace_block_412.npy
413,mult 1,mult_trace_block_413.npy
414,mult 1,mult_trace_block_414.npy
415,mult 1,mult_trace_block_415.npy
416,mult 1,mult_trace_block_416.npy
417,mult 1,mult_trace_block_417.npy
418,mult 1,mult_trace_block_418.npy
419,mult 1,mult_trace_block_419.npy
420,mult 1,mult_trace_block_420.npy
421,mult 1,mult_trace_block_421.npy
422,mult 1,mult_trace_block_422.npy
423,mult 1,mult_trace_block_423.npy
424,mult 1,mult_trace_block_424.npy
425,mult 1,mult_trace_block_425.npy
426,mult 1,mult_trace_block_426.npy
427,mult 1,mult_trace_block_427.npy
428,mult 1,mult_trace_block_428.npy
429,mult 1,mult_trace_block_429.npy
430,mult 1,mult_trace_block_430.npy
431,mult 1,mult_trace_block_431.npy
432,mult 1,mult_trace_block_432.npy
433,mult 1,mult_trace_block_433.npy
434,mult 1,mult_trace_block_434.npy
435,mult 1,mult_trace_block_435.npy
436,mult 1,mult_trace_block_436.npy
437,mult 1,mult_trace_block_437.npy
438,mult 1,mult_trace_block_438.npy
439,mult 1,mult_trace_block_439.npy
440,mult 1,mult_trace_block_440.npy
441,mult 1,mult_trace_block_441.npy
442,mult 1,mult_trace_block_442.npy
443,mult 1,mult_trace_block_443.npy
444,mult 1,mult_trace_block_444.npy
445,mult 1,mult_trace_block_445.npy
446,mult 1,mult_trace_block_446.npy
447,mult 1,mult_trace_block_447.npy
448,mult 1,mult_trace_block_448.npy
449,mult 1,mult_trace_block_449.npy
450,mult 1,mult_trace_block_450.npy
451,mult 1,mult_trace_block_451.npy
452,mult 1,mult_trace_block_452.npy
453,mult 1,mult_trace_block_453.npy
454,mult 1,mult_trace_block_454.npy
455,mult 1,mult_trace_block_455.npy
456,mult 1,mult_trace_block_456.npy
457,mult 1,mult_trace_block_457.npy
458,mult 1,mult_trace_block_458.npy
459,mult 1,mult_trace_block_459.npy
460,mult 1,mult_trace_block_460.npy
461,mult 1,mult_trace_block_461.npy
462,mult 1,mult_trace_block_462.npy
463,mult 1,mult_trace_block_463.npy
464,mult 1,mult_trace_block_464.npy
465,mult 1,mult_trace_block_465.npy
466,mult 1,mult_trace_block_466.npy
467,mult 1,mult_trace_block_467.npy
468,mult 1,mult_trace_block_468.npy
469,mult 1,mult_trace_block_469.npy
470,mult 1,mult_trace_block_470.npy
471,mult 1,mult_trace_block_471.npy
472,mult 1,mult_trace_block_472.npy
473,mult 1,mult_trace_block_473.npy
474,mult 1,mult_trace_block_474.npy
475,mult 1,mult_trace_block_475.npy
476,mult 1,mult_trace_block_476.npy
477,mult 1,mult_trace_block_477.npy
478,mult 1,mult_trace_block_478.npy
479,mult 1,mult_trace_block_479.npy
480,mult 1,mult_trace_block_480.npy
481,mult 1,mult_trace_block_481.npy
482,mult 1,mult_trace_block_482.npy
483,mult 1,mult_trace_block_483.npy
484,mult 1,mult_trace_block_484.npy
485,mult 1,mult_trace_block_485.npy
486,mult 1,mult_trace_block_486.npy
487,mult 1,mult_trace_block_487.npy
488,mult 1,mult_trace_block_488.npy
489,mult 1,mult_trace_block_489.npy
490,mult 1,mult_trace_block_490.npy
491,mult 1,mult_trace_block_491.npy
492,mult 1,mult_trace_block_492.npy
493,mult 1,mult_trace_block_493.npy
494,mult 1,mult_trace_block_494.npy
495,mult 1,mult_trace_block_495.npy
496,mult 1,mult_trace_block_496.npy
497,mult 1,mult_trace_block_497.npy
498,mult 1,mult_trace_block_498.npy
499,mult 1,mult_trace_block_499.npy
500,mult 1,mult_trace_block_500.npy
501,mult 1,mult_trace_block_501.npy
502,mult 1,mult_trace_block_502.npy
503,mult 1,mult_trace_block_503.npy
504,mult 1,mult_trace_block_504.npy
505,mult 1,mult_trace_block_505.npy
506,mult 1,mult_trace_block_506.npy
507,mult 1,mult_trace_block_507.npy
508,mult 1,mult_trace_block_508.npy
509,mult 1,mult_trace_block_509.npy
510,mult 1,mult_trace_block_510.npy
511,mult 1,mult_trace_block_511.npy
512,mult 1,mult_trace_block_512.npy
513,mult 1,mult_trace_block_513.npy
514,mult 1,mult_trace_block_514.npy
515,mult 1,mult_trace_block_515.npy
516,mult 1,mult_trace_block_516.npy
517,mult 1,mult_trace_block_517.npy
518,mult 1,mult_trace_block_518.npy
519,mult 1,mult_trace_block_519.npy
520,mult 1,mult_trace_block_520.npy
521,mult 1,mult_trace_block_521.npy
522,mult 1,mult_trace_block_522.npy
523,mult 1,mult_trace_block_523.npy
524,mult 1,mult_trace_block_524.npy
525,mult 1,mult_trace_block_525.npy
526,mult 1,mult_trace_block_526.npy
527,mult 1,mult_trace_block_527.npy
528,mult 1,mult_trace_block_528.npy
529,mult 1,mult_trace_block_529.npy
530,mult 1,mult_trace_block_530.npy
531,mult 1,mult_trace_block_531.npy
532,mult 1,mult_trace_block_532.npy
533,mult 1,mult_trace_block_533.npy
534,mult 1,mult_trace_block_534.npy
535,mult 1,mult_trace_block_535.npy
536,mult 1,mult_trace_block_536.npy
537,mult 1,mult_trace_block_537.npy
538,mult 1,mult_trace_block_538.npy
539,mult 1,mult_trace_block_539.npy
540,mult 1,mult_trace_block_540.npy
541,mult 1,mult_trace_block_541.npy
542,mult 1,mult_trace_block_542.npy
543,mult 1,mult_trace_block_543.npy
544,mult 1,mult_trace_block_544.npy
545,mult 1,mult_trace_block_545.npy
546,mult 1,mult_trace_block_546.npy
547,mult 1,mult_trace_block_547.npy
548,mult 1,mult_trace_block_548.npy
549,mult 1,mult_trace_block_549.npy
550,mult 1,mult_trace_block_550.npy
551,mult 1,mult_trace_block_551.npy
552,mult 1,mult_trace_block_552.npy
553,mult 1,mult_trace_block_553.npy
554,mult 1,mult_trace_block_554.npy
555,mult 1,mult_trace_block_555.npy
556,mult 1,mult_trace_block_556.npy
557,mult 1,mult_trace_block_557.npy
558,mult 1,mult_trace_block_558.npy
559,mult 1,mult_trace_block_559.npy
560,mult 1,mult_trace_block_560.npy
561,mult 1,mult_trace_block_561.npy
562,mult 1,mult_trace_block_562.npy
563,mult 1,mult_trace_block_563.npy
564,mult 1,mult_trace_block_564.npy
565,mult 1,mult_trace_block_565.npy
566,mult 1,mult_trace_block_566.npy
567,mult 1,mult_trace_block_567.npy
568,mult 1,mult_trace_block_568.npy
569,mult 1,mult_trace_block_569.npy
570,mult 1,mult_trace_block_570.npy
571,mult 1,mult_trace_block_571.npy
572,mult 1,mult_trace_block_572.npy
573,mult 1,mult_trace_block_573.npy
574,mult 1,mult_trace_block_574.npy
575,mult 1,mult_trace_block_575.npy
576,mult 1,mult_trace_block_576.npy
577,mult 1,mult_trace_block_577.npy
578,mult 1,mult_trace_block_578.npy
579,mult 1,mult_trace_block_579.npy
580,mult 1,mult_trace_block_580.npy
581,mult 1,mult_trace_block_581.npy
582,mult 1,mult_trace_block_582.npy
583,mult 1,mult_trace_block_583.npy
584,mult 1,mult_trace_block_584.npy
585,mult 1,mult_trace_block_585.npy
586,mult 1,mult_trace_block_586.npy
587,mult 1,mult_trace_block_587.npy
588,mult 1,mult_trace_block_588.npy
589,mult 1,mult_trace_block_589.npy
590,mult 1,mult_trace_block_590.npy
591,mult 1,mult_trace_block_591.npy
592,mult 1,mult_trace_block_592.npy
593,mult 1,mult_trace_block_593.npy
594,mult 1,mult_trace_block_594.npy
595,mult 1,mult_trace_block_595.npy
596,mult 1,mult_trace_block_596.npy
597,mult 1,mult_trace_block_597.npy
598,mult 1,mult_trace_block_598.npy
599,mult 1,mult_trace_block_599.npy
600,mult 1,mult_trace_block_600.npy
601,mult 1,mult_trace_block_601.npy
602,mult 1,mult_trace_block_602.npy
603,mult 1,mult_trace_block_603.npy
604,mult 1,mult_trace_block_604.npy
605,mult 1,mult_trace_block_605.npy
606,mult 1,mult_trace_block_606.npy
607,mult 1,mult_trace_block_607.npy
608,mult 1,mult_trace_block_608.npy
609,mult 1,mult_trace_block_609.npy
610,mult 1,mult_trace_block_610.npy
611,mult 1,mult_trace_block_611.npy
612,mult 1,mult_trace_block_612.npy
613,mult 1,mult_trace_block_613.npy
614,mult 1,mult_trace_block_614.npy
615,mult 1,mult_trace_block_615.npy
616,mult 1,mult_trace_block_616.npy
617,mult 1,mult_trace_block_617.npy
618,mult 1,mult_trace_block_618.npy
619,mult 1,mult_trace_block_619.npy
620,mult 1,mult_trace_block_620.npy
621,mult 1,mult_trace_block_621.npy
622,mult 1,mult_trace_block_622.npy
623,mult 1,mult_trace_block_623.npy
624,mult 1,mult_trace_block_624.npy
625,mult 1,mult_trace_block_625.npy
626,mult 1,mult_trace_block_626.npy
627,mult 1,mult_trace_block_627.npy
628,mult 1,mult_trace_block_628.npy
629,mult 1,mult_trace_block_629.npy
630,mult 1,mult_trace_block_630.npy
631,mult 1,mult_trace_block_631.npy
632,mult 1,mult_trace_block_632.npy
633,mult 1,mult_trace_block_633.npy
634,mult 1,mult_trace_block_634.npy
635,mult 1,mult_trace_block_635.npy
636,mult 1,mult_trace_block_636.npy
637,mult 1,mult_trace_block_637.npy
638,mult 1,mult_trace_block_638.npy
639,mult 1,mult_trace_block_639.npy
640,mult 1,mult_trace_block_640.npy
641,mult 1,mult_trace_block_641.npy
642,mult 1,mult_trace_block_642.npy
643,mult 1,mult_trace_block_643.npy
644,mult 1,mult_trace_block_644.npy
645,mult 1,mult_trace_block_645.npy
646,mult 1,mult_trace_block_646.npy
647,mult 1,mult_trace_block_647.npy
648,mult 1,mult_trace_block_648.npy
649,mult 1,mult_trace_block_649.npy
650,mult 1,mult_trace_block_650.npy
651,mult 1,mult_trace_block_651.npy
652,mult 1,mult_trace_block_652.npy
653,mult 1,mult_trace_block_653.npy
654,mult 1,mult_trace_block_654.npy
655,mult 1,mult_trace_block_655.npy
656,mult 1,mult_trace_block_656.npy
657,mult 1,mult_trace_block_657.npy
658,mult 1,mult_trace_block_658.npy
659,mult 1,mult_trace_block_659.npy
660,mult 1,mult_trace_block_660.npy
661,mult 1,mult_trace_block_661.npy
662,mult 1,mult_trace_block_662.npy
663,mult 1,mult_trace_block_663.npy
664,mult 1,mult_trace_block_664.npy
665,mult 1,mult_trace_block_665.npy
666,mult 1,mult_trace_block_666.npy
667,mult 1,mult_trace_block_667.npy
668,mult 1,mult_trace_block_668.npy
669,mult 1,mult_trace_block_669.npy
670,mult 1,mult_trace_block_670.npy
671,mult 1,mult_trace_block_671.npy
672,mult 1,mult_trace_block_672.npy
673,mult 1,mult_trace_block_673.npy
674,mult 1,mult_trace_block_674.npy
675,mult 1,mult_trace_block_675.npy
676,mult 1,mult_trace_block_676.npy
677,mult 1,mult_trace_block_677.npy
678,mult 1,mult_trace_block_678.npy
679,mult 1,mult_trace_block_679.npy
680,mult 1,mult_trace_block_680.npy
681,mult 1,mult_trace_block_681.npy
682,mult 1,mult_trace_block_682.npy
683,mult 1,mult_trace_block_683.npy
684,mult 1,mult_trace_block_684.npy
685,mult 1,mult_trace_block_685.npy
686,mult 1,mult_trace_block_686.npy
687,mult 1,mult_trace_block_687.npy
688,mult 1,mult_trace_block_688.npy
689,mult 1,mult_trace_block_689.npy
690,mult 1,mult_trace_block_690.npy
691,mult 1,mult_trace_block_691.npy
692,mult 1,mult_trace_block_692.npy
693,mult 1,mult_trace_block_693.npy
694,mult 1,mult_trace_block_694.npy
695,mult 1,mult_trace_block_695.npy
696,mult 1,mult_trace_block_696.npy
697,mult 1,mult_trace_block_697.npy
698,mult 1,mult_trace_block_698.npy
699,mult 1,mult_trace_block_699.npy
700,mult 1,mult_trace_block_700.npy
701,mult 1,mult_trace_block_701.npy
702,mult 1,mult_trace_block_702.npy
703,mult 1,mult_trace_block_703.npy
704,mult 1,mult_trace_block_704.npy
705,mult 1,mult_trace_block_705.npy
706,mult 1,mult_trace_block_706.npy
707,mult 1,mult_trace_block_707.npy
708,mult 1,mult_trace_block_708.npy
709,mult 1,mult_trace_block_709.npy
710,mult 1,mult_trace_block_710.npy
711,mult 1,mult_trace_block_711.npy
712,mult 1,mult_trace_block_712.npy
713,mult 1,mult_trace_block_713.npy
714,mult 1,mult_trace_block_714.npy
715,mult 1,mult_trace_block_715.npy
716,mult 1,mult_trace_block_716.npy
717,mult 1,mult_trace_block_717.npy
718,mult 1,mult_trace_block_718.npy
719,mult 1,mult_trace_block_719.npy
720,mult 1,mult_trace_block_720.npy
721,mult 1,mult_trace_block_721.npy
722,mult 1,mult_trace_block_722.npy
723,mult 1,mult_trace_block_723.npy
724,mult 1,mult_trace_block_724.npy
725,mult 1,mult_trace_block_725.npy
726,mult 1,mult_trace_block_726.npy
727,mult 1,mult_trace_block_727.npy
728,mult 1,mult_trace_block_728.npy
729,mult 1,mult_trace_block_729.npy
730,mult 1,mult_trace_block_730.npy
731,mult 1,mult_trace_block_731.npy
732,mult 1,mult_trace_block_732.npy
733,mult 1,mult_trace_block_733.npy
734,mult 1,mult_trace_block_734.npy
735,mult 1,mult_trace_block_735.npy
736,mult 1,mult_trace_block_736.npy
737,mult 1,mult_trace_block_737.npy
738,mult 1,mult_trace_block_738.npy
739,mult 1,mult_trace_block_739.npy
740,mult 1,mult_trace_block_740.npy
741,mult 1,mult_trace_block_741.npy
742,mult 1,mult_trace_block_742.npy
743,mult 1,mult_trace_block_743.npy
744,mult 1,mult_trace_block_744.npy
745,mult 1,mult_trace_block_745.npy
746,mult 1,mult_trace_block_746.npy
747,mult 1,mult_trace_block_747.npy
748,mult 1,mult_trace_block_748.npy
749,mult 1,mult_trace_block_749.npy
750,mult 1,mult_trace_block_750.npy
751,mult 1,mult_trace_block_751.npy
752,mult 1,mult_trace_block_752.npy
753,mult 1,mult_trace_block_753.npy
754,mult 1,mult_trace_block_754.npy
755,mult 1,mult_trace_block_755.npy
756,mult 1,mult_trace_block_756.npy
757,mult 1,mult_trace_block_757.npy
758,mult 1,mult_trace_block_758.npy
759,mult 1,mult_trace_block_759.npy
760,mult 1,mult_trace_block_760.npy
761,mult 1,mult_trace_block_761.npy
762,mult 1,mult_trace_block_762.npy
763,mult 1,mult_trace_block_763.npy
764,mult 1,mult_trace_block_764.npy
765,mult 1,mult_trace_block_765.npy
766,mult 1,mult_trace_block_766.npy
767,mult 1,mult_trace_block_767.npy
768,mult 1,mult_trace_block_768.npy
769,mult 1,mult_trace_block_769.npy
770,mult 1,mult_trace_block_770.npy
771,mult 1,mult_trace_block_771.npy
772,mult 1,mult_trace_block_772.npy
773,mult 1,mult_trace_block_773.npy
774,mult 1,mult_trace_block_774.npy
775,mult 1,mult_trace_block_775.npy
776,mult 1,mult_trace_block_776.npy
777,mult 1,mult_trace_block_777.npy
778,mult 1,mult_trace_block_778.npy
779,mult 1,mult_trace_block_779.npy
780,mult 1,mult_trace_block_780.npy
781,mult 1,mult_trace_block_781.npy
782,mult 1,mult_trace_block_782.npy
783,mult 1,mult_trace_block_783.npy
784,mult 1,mult_trace_block_784.npy
785,mult 1,mult_trace_block_785.npy
786,mult 1,mult_trace_block_786.npy
787,mult 1,mult_trace_block_787.npy
788,mult 1,mult_trace_block_788.npy
789,mult 1,mult_trace_block_789.npy
790,mult 1,mult_trace_block_790.npy
791,mult 1,mult_trace_block_791.npy
792,mult 1,mult_trace_block_792.npy
793,mult 1,mult_trace_block_793.npy
794,mult 1,mult_trace_block_794.npy
795,mult 1,mult_trace_block_795.npy
796,mult 1,mult_trace_block_796.npy
797,mult 1,mult_trace_block_797.npy
798,mult 1,mult_trace_block_798.npy
799,mult 1,mult_trace_block_799.npy
800,mult 1,mult_trace_block_800.npy
801,mult 1,mult_trace_block_801.npy
802,mult 1,mult_trace_block_802.npy
803,mult 1,mult_trace_block_803.npy
804,mult 1,mult_trace_block_804.npy
805,mult 1,mult_trace_block_805.npy
806,mult 1,mult_trace_block_806.npy
807,mult 1,mult_trace_block_807.npy
808,mult 1,mult_trace_block_808.npy
809,mult 1,mult_trace_block_809.npy
810,mult 1,mult_trace_block_810.npy
811,mult 1,mult_trace_block_811.npy
812,mult 1,mult_trace_block_812.npy
813,mult 1,mult_trace_block_813.npy
814,mult 1,mult_trace_block_814.npy
815,mult 1,mult_trace_block_815.npy
816,mult 1,mult_trace_block_816.npy
817,mult 1,mult_trace_block_817.npy
818,mult 1,mult_trace_block_818.npy
819,mult 1,mult_trace_block_819.npy
820,mult 1,mult_trace_block_820.npy
821,mult 1,mult_trace_block_821.npy
822,mult 1,mult_trace_block_822.npy
823,mult 1,mult_trace_block_823.npy
824,mult 1,mult_trace_block_824.npy
825,mult 1,mult_trace_block_825.npy
826,mult 1,mult_trace_block_826.npy
827,mult 1,mult_trace_block_827.npy
828,mult 1,mult_trace_block_828.npy
829,mult 1,mult_trace_block_829.npy
830,mult 1,mult_trace_block_830.npy
831,mult 1,mult_trace_block_831.npy
832,mult 1,mult_trace_block_832.npy
833,mult 1,mult_trace_block_833.npy
834,mult 1,mult_trace_block_834.npy
835,mult 1,mult_trace_block_835.npy
836,mult 1,mult_trace_block_836.npy
837,mult 1,mult_trace_block_837.npy
838,mult 1,mult_trace_block_838.npy
839,mult 1,mult_trace_block_839.npy
840,mult 1,mult_trace_block_840.npy
841,mult 1,mult_trace_block_841.npy
842,mult 1,mult_trace_block_842.npy
843,mult 1,mult_trace_block_843.npy
844,mult 1,mult_trace_block_844.npy
845,mult 1,mult_trace_block_845.npy
846,mult 1,mult_trace_block_846.npy
847,mult 1,mult_trace_block_847.npy
848,mult 1,mult_trace_block_848.npy
849,mult 1,mult_trace_block_849.npy
850,mult 1,mult_trace_block_850.npy
851,mult 1,mult_trace_block_851.npy
852,mult 1,mult_trace_block_852.npy
853,mult 1,mult_trace_block_853.npy
854,mult 1,mult_trace_block_854.npy
855,mult 1,mult_trace_block_855.npy
856,mult 1,mult_trace_block_856.npy
857,mult 1,mult_trace_block_857.npy
858,mult 1,mult_trace_block_858.npy
859,mult 1,mult_trace_block_859.npy
860,mult 1,mult_trace_block_860.npy
861,mult 1,mult_trace_block_861.npy
862,mult 1,mult_trace_block_862.npy
863,mult 1,mult_trace_block_863.npy
864,mult 1,mult_trace_block_864.npy
865,mult 1,mult_trace_block_865.npy
866,mult 1,mult_trace_block_866.npy
867,mult 1,mult_trace_block_867.npy
868,mult 1,mult_trace_block_868.npy
869,mult 1,mult_trace_block_869.npy
870,mult 1,mult_trace_block_870.npy
871,mult 1,mult_trace_block_871.npy
872,mult 1,mult_trace_block_872.npy
873,mult 1,mult_trace_block_873.npy
874,mult 1,mult_trace_block_874.npy
875,mult 1,mult_trace_block_875.npy
876,mult 1,mult_trace_block_876.npy
877,mult 1,mult_trace_block_877.npy
878,mult 1,mult_trace_block_878.npy
879,mult 1,mult_trace_block_879.npy
880,mult 1,mult_trace_block_880.npy
881,mult 1,mult_trace_block_881.npy
882,mult 1,mult_trace_block_882.npy
883,mult 1,mult_trace_block_883.npy
884,mult 1,mult_trace_block_884.npy
885,mult 1,mult_trace_block_885.npy
886,mult 1,mult_trace_block_886.npy
887,mult 1,mult_trace_block_887.npy
888,mult 1,mult_trace_block_888.npy
889,mult 1,mult_trace_block_889.npy
890,mult 1,mult_trace_block_890.npy
891,mult 1,mult_trace_block_891.npy
892,mult 1,mult_trace_block_892.npy
893,mult 1,mult_trace_block_893.npy
894,mult 1,mult_trace_block_894.npy
895,mult 1,mult_trace_block_895.npy
896,mult 1,mult_trace_block_896.npy
897,mult 1,mult_trace_block_897.npy
898,mult 1,mult_trace_block_898.npy
899,mult 1,mult_trace_block_899.npy
900,mult 1,mult_trace_block_900.npy
901,mult 1,mult_trace_block_901.npy
902,mult 1,mult_trace_block_902.npy
903,mult 1,mult_trace_block_903.npy
904,mult 1,mult_trace_block_904.npy
905,mult 1,mult_trace_block_905.npy
906,mult 1,mult_trace_block_906.npy
907,mult 1,mult_trace_block_907.npy
908,mult 1,mult_trace_block_908.npy
909,mult 1,mult_trace_block_909.npy
910,mult 1,mult_trace_block_910.npy
911,mult 1,mult_trace_block_911.npy
912,mult 1,mult_trace_block_912.npy
913,mult 1,mult_trace_block_913.npy
914,mult 1,mult_trace_block_914.npy
915,mult 1,mult_trace_block_915.npy
916,mult 1,mult_trace_block_916.npy
917,mult 1,mult_trace_block_917.npy
918,mult 1,mult_trace_block_918.npy
919,mult 1,mult_trace_block_919.npy
920,mult 1,mult_trace_block_920.npy
921,mult 1,mult_trace_block_921.npy
922,mult 1,mult_trace_block_922.npy
923,mult 1,mult_trace_block_923.npy
924,mult 1,mult_trace_block_924.npy
925,mult 1,mult_trace_block_925.npy
926,mult 1,mult_trace_block_926.npy
927,mult 1,mult_trace_block_927.npy
928,mult 1,mult_trace_block_928.npy
929,mult 1,mult_trace_block_929.npy
930,mult 1,mult_trace_block_930.npy
931,mult 1,mult_trace_block_931.npy
932,mult 1,mult_trace_block_932.npy
933,mult 1,mult_trace_block_933.npy
934,mult 1,mult_trace_block_934.npy
935,mult 1,mult_trace_block_935.npy
936,mult 1,mult_trace_block_936.npy
937,mult 1,mult_trace_block_937.npy
938,mult 1,mult_trace_block_938.npy
939,mult 1,mult_trace_block_939.npy
940,mult 1,mult_trace_block_940.npy
941,mult 1,mult_trace_block_941.npy
942,mult 1,mult_trace_block_942.npy
943,mult 1,mult_trace_block_943.npy
944,mult 1,mult_trace_block_944.npy
945,mult 1,mult_trace_block_945.npy
946,mult 1,mult_trace_block_946.npy
947,mult 1,mult_trace_block_947.npy
948,mult 1,mult_trace_block_948.npy
949,mult 1,mult_trace_block_949.npy
950,mult 1,mult_trace_block_950.npy
951,mult 1,mult_trace_block_951.npy
952,mult 1,mult_trace_block_952.npy
953,mult 1,mult_trace_block_953.npy
954,mult 1,mult_trace_block_954.npy
955,mult 1,mult_trace_block_955.npy
956,mult 1,mult_trace_block_956.npy
957,mult 1,mult_trace_block_957.npy
958,mult 1,mult_trace_block_958.npy
959,mult 1,mult_trace_block_959.npy
960,mult 1,mult_trace_block_960.npy
961,mult 1,mult_trace_block_961.npy
962,mult 1,mult_trace_block_962.npy
963,mult 1,mult_trace_block_963.npy
964,mult 1,mult_trace_block_964.npy
965,mult 1,mult_trace_block_965.npy
966,mult 1,mult_trace_block_966.npy
967,mult 1,mult_trace_block_967.npy
968,mult 1,mult_trace_block_968.npy
969,mult 1,mult_trace_block_969.npy
970,mult 1,mult_trace_block_970.npy
971,mult 1,mult_trace_block_971.npy
972,mult 1,mult_trace_block_972.npy
973,mult 1,mult_trace_block_973.npy
974,mult 1,mult_trace_block_974.npy
975,mult 1,mult_trace_block_975.npy
976,mult 1,mult_trace_block_976.npy
977,mult 1,mult_trace_block_977.npy
978,mult 1,mult_trace_block_978.npy
979,mult 1,mult_trace_block_979.npy
980,mult 1,mult_trace_block_980.npy
981,mult 1,mult_trace_block_981.npy
982,mult 1,mult_trace_block_982.npy
983,mult 1,mult_trace_block_983.npy
984,mult 1,mult_trace_block_984.npy
985,mult 1,mult_trace_block_985.npy
986,mult 1,mult_trace_block_986.npy
987,mult 1,mult_trace_block_987.npy
988,mult 1,mult_trace_block_988.npy
989,mult 1,mult_trace_block_989.npy
990,mult 1,mult_trace_block_990.npy
991,mult 1,mult_trace_block_991.npy
992,mult 1,mult_trace_block_992.npy
993,mult 1,mult_trace_block_993.npy
994,mult 1,mult_trace_block_994.npy
995,mult 1,mult_trace_block_995.npy
996,mult 1,mult_trace_block_996.npy
997,mult 1,mult_trace_block_997.npy
998,mult 1,mult_trace_block_998.npy
999,mult 1,mult_trace_block_999.npy
